Mentor,Mentee 1,Mentee 2,Mentee 3,Mentee 4,Mentee 5,Mentee 6,Mentee 7,Mentee 8
Amelia,Zanta,Zabby,Zamir,Zada,Zelda,Zorah,Zanta,Zanta
Alfie,Zed,Zamir,Zada
Ava,Zed,Zillian,Zelda,Zorah,Zita,Zed,Zachariah
Archie,Zandra,Zaire,Zimran,Zufan
Alexander,Zudora,Zeke,Zoelle
Amy,Zillian,Zudora,Zaire,Zuniga
Aaron,Zillian,Zoob,Zed,Zuzana
Anna,Zulu,Zita,Zed,Zachariah
Alex,Zabel,Zayda,Zimran,Zoob
Abigal,Zabel,Zaccai,Zachary,Zuva,Zaccai,Zody
Aiden,Zudora,Zaccai,Zaila,Zaza
Amelie,Zamir,Zudora,Zimran,Zorion
Arthur,Zara,Zoanne,Zandra,Zane,Zudora,Zimran,Zorion
Annabelle,Zamir,Zero,Zoey,Zuleika
Alexandra,Zoanne,Zaiden,Zabel,Zahar
Alexis,Zeke,Zero,Zad,Zahar
Aoife,Zeus,Zad,Zaccai,Zody
Alisha,Zulu,Zamir,Zoob,Zody
Albert,Zaiden,Zamir,Zandra,Zoelle
Austin,Zoelle,Zuzana,Zachariah,Zoob
Alyssa,Zufan,Zada,Zero,Zelda
Aaliyah,Zoelle,Zuzana,Zachariah,Zoob