Mentee,Mentor 1,Mentor 2,Mentor 3,Mentor 4
Zabby,Alexis,Aaron,Aiden,Alyssa
Zachary,Albert,Aaliyah,Alisha,Alexis
Zad,Alexis,Alisha,Alex,Albert
Zahar,Alfie,Alisha,Anna,Arthur
Zaila,Annabelle,Alexis,Alex,Archie
Zamir,Alfie,Amelie,Aaliyah,Alex
Zanta,Alfie,Alexis,Arthur,Alexandra
Zabel,Alex,Alexis,Archie,Aoife
Zaccai,Aoife,Aiden,Amelia,Aoife
Zachariah,Aaron,Amelia,Anna,Alisha
Zada,Albert,Aoife,Aiden,Aiden
Zaiden,Albert,Alex,Arthur,Austin
Zaire,Alex,Alfie,Alisha,Amelie
Zandra,Alex,Alexis,Anna,Amy
Zane,Alexis,Albert,Arthur,Ava
Zara,Aiden,Amelie,Annabelle,Alexander
Zaza,Aiden,Amy,Amelie,Aaliyah
Zelda,Alyssa,Albert,Aaliyah,Annabelle
Zed,Alexis,Alex,Abigal,Aaron
Zeke,Alexis,Aaron,Austin,Alfie
Zayda,Alex,Alexandra,Aaliyah,Abigal
Zita,Aiden,Alfie,Alyssa,Alyssa
Zillian,Alexis,Aiden,Alfie,Alexis
Zeus,Alisha,Alex,Amelia,Albert
Zimran,Alexis,Arthur,Alisha,Arthur
Zero,Alexis,Aaron,Aoife,Archie
Zoanne,Alexis,Alfie,Aaron,Alex
Zoob,Alisha,Aiden,Ava,Alexandra
Zulu,Alex,Alexandra,Aiden,Aoife
Zoelle,Amelie,Amelia,Alyssa,Amelia
Zudora,Aaliyah,Amelie,Alyssa,Alisha
Zuzana,Amelie,Anna,Alfie,Aiden
Zuniga,Alfie,Aiden,Aaron,Austin
Zody,Albert,Aiden,Alyssa,Amelie
Zoey,Alexander,Archie,Ava,
Zorah,Alisha,Alexander,Archie,Ava
Zuva,Alisha,Ava,Alexander,Amy
Zorion,Ava,Alisha,Archie,Aaliyah
Zuleika,Alisha,Archie,Alexander,Annabelle
Zufan,Alisha,Alexander,Ava,Aaron